CODE,PREFERRED_TERM
410381000000104,[V]Artificial insemination from donor
451871000000106,[V]Artificial insemination from husband
427961000000100,[V]Artificial insemination NOS
440691000000100,[V]In vitro fertilisation
411101000000103,[V]Other assisted fertilisation methods
391241000000101,[X]Other assisted fertilisation methods
58533008,Artificial insemination
236896006,Artificial insemination by donor
236895005,Artificial insemination by husband
57233006,Artificial insemination with sperm washing and capacitation
424522003,Artificial insemination with the wrong donor sperm or donor egg
46249006,"Artificial insemination, heterologous"
66601000,"Artificial insemination, homologous"
63487001,Assisted fertilisation
92831004,Complication of transplanted embryo
213199004,Complications associated with artificial fertilisation
213203004,Complications of attempted introduction of embryo in embryo transfer
213202009,Complications of attempted introduction of fertilised ovum following in vitro fertilisation
443633009,Conceived by in vitro fertilisation
440645004,Cryopreservation of oocyte
439790009,Cryopreservation of ovarian tissue
439247007,Cryopreservation of testicular tissue
441200004,Culture of embryo
441427002,Culture of embryo with coculture of oocytes
225244002,Direct injection of sperm into cytoplasm of the oocyte
225247009,Direct intraperitoneal insemination
31276007,Electroejaculation procedure
75456002,Embryo transfer
176996001,Endoscopic intrafallopian transfer of gamete
177038005,Endoscopic transurethral ultrasound directed oocyte recovery
177039002,Endoscopic transvesical oocyte recovery
236913003,Fallopian replacement of egg with delayed insemination
236894009,Frozen embryo transfer
236912008,Gamete intrafallopian transfer
176843009,Gamete intrauterine transfer
309096008,Harvest of reproductive tissue
765291000000105,History of in-vitro fertilisation
430882007,Egg donor
433475001,"Human oocyte donor, age 35 and older"
105473009,Husband sperm donor for artificial insemination
213201002,Hyperstimulation of ovaries
440687002,Identification of oocyte in follicular fluid
440688007,Identification of sperm from specimen obtained by aspiration
426914002,IVF - In vitro fertilisation with intracytoplasmic sperm injection (ICSI) and donor egg
425866000,In vitro fertilisation using donor eggs
427664000,IVF - In vitro fertilisation using donor sperm
425901007,IVF - In vitro fertilisation with intracytoplasmic sperm injection (ICSI)
426417003,IVF - In vitro fertilisation with pre-implantation genetic diagnosis
711544002,In vitro fertilisation with surrogacy
213200001,Infection associated with artificial insemination
176844003,Intracervical artificial insemination
238312005,Intraperitoneal insemination
265064001,Intrauterine artificial insemination
426250000,Intrauterine insemination using donor sperm
426389008,Intrauterine insemination using partner sperm
425644009,Intrauterine insemination with controlled ovarian hyperstimulation using donor sperm
426968007,Intrauterine insemination with controlled ovarian hyperstimulation using partner sperm
229841000000104,Intrauterine insemination without superovulation using donor sperm
229831000000108,Intrauterine insemination without superovulation using partner sperm
225250007,Intravaginal artificial insemination
265082003,Laparoscopic oocyte recovery
236364009,Micro-epididymal sperm aspiration
32581000119101,Mild to moderate hyperstimulation of ovaries
177037000,Oocyte recovery
312645003,Percutaneous epididymal sperm aspiration
276907003,Percutaneous sperm aspiration
441276006,Preparation of embryo for transfer
105474003,Related sperm donor for artificial insemination
446934006,Retrieval of oocyte by transabdominal approach
32591000119103,Severe hyperstimulation of ovaries
236363003,Sperm aspiration
441463002,Sperm donor
105472004,Sperm donor for artificial insemination
42862001,Sperm evaluation by hamster penetration test
225249007,Subzonal insemination
22387007,Surrogate child
3851003,Surrogate daughter
75615008,Surrogate father
27508009,Surrogate mother
15130002,Surrogate parent
102875003,Surrogate pregnancy
41057000,Surrogate son
52637005,In vitro fertilisation
236365005,Testicular sperm aspiration
229971000000102,Testicular sperm extraction
441369004,Thawing of cryopreserved embryo
441222006,Thawing of cryopreserved oocyte
441198005,Thawing of cryopreserved sperm
441209003,Thawing of cryopreserved tissue specimen from testis
233111000000108,Transfer of embryo to uterus
448543003,Transmyometrial transfer of embryo to uterus
177042008,Transvaginal oocyte recovery
432787004,Transvaginal ultrasound scan for follicle monitoring
236915005,Tubal embryo transfer
252939009,Ultrasound scan for follicle monitoring
441465009,Unknown sperm donor for artificial insemination
441468006,Unrelated known sperm donor for artificial insemination
225248004,Zona drilling
236914009,Zygote intrafallopian transfer
464851000000107,[V]Contact with or exposure to venereal disease
416421000000106,[V]Human immunodeficiency virus counselling
440291000000103,[V]Other venereal disease carrier
469321000000107,[V]Screening for venereal disease
401191000000107,"[X] HIV disease resulting in haematological and immunological abnormalities, not elsewhere classified"
413321000000109,[X]HIV disease resulting in multiple diseases classified elsewhere
466811000000104,[X]Hiv disease resulting in unspecified infectious and parasitic disease
468931000000102,[X]Human immunodeficiency virus disease
455491000000109,[X]Infections with a predominantly sexual mode of transmission
391101000000108,"[X]Other diseases of the blood and blood-forming organs and certain disorders involving the immune mechanism complicating pregnancy, childbirth and the puerperium"
478601000000106,"[X]Other obstetric conditions, not elsewhere classified"
421695000,Abnormal weight loss associated with AIDS
235861001,Abscess gonococcal
444834005,Abscess of urethral gland due to Neisseria gonorrhoeae
421851008,Acquired haemolytic anaemia associated with AIDS
713533000,Acquired haemolytic anaemia co-occurrent with human immunodeficiency virus infection
62479008,AIDS
10746341000119109,Acquired immune deficiency syndrome complicating childbirth
236406007,Acquired immune deficiency syndrome-related nephropathy
406528008,AIDS Clinical Trial Group
91923005,AIDS virus infection associated with pregnancy
420721002,AIDS-associated disorder
266130009,Acquired syphilis - early latent
266136003,Acquired syphilis - late latent
240555007,Acquired syphilis
420395004,Acute endocarditis associated with AIDS
713511002,Acute endocarditis co-occurrent with human immunodeficiency virus infection
426165006,Acute genitourinary chlamydia infection
426247003,Acute genitourinary Chlamydia trachomatis infection
80604007,Acute gonococcal bartholinitis
20943002,Acute gonococcal cervicitis
24868007,Acute gonococcal cystitis
65295003,Acute gonococcal endometritis
30168008,Acute gonococcal epididymo-orchitis
194910001,Acute gonococcal pericarditis
111806005,Acute gonococcal prostatitis
45377007,Acute gonococcal salpingitis
65049003,Acute gonococcal seminal vesiculitis
29864006,Acute gonococcal urethritis
2390000,Acute gonococcal vulvovaginitis
17305005,Acute gonorrhoea of genitourinary tract
54825009,Acute gonorrhoea of lower genitourinary tract
50970007,Acute gonorrhoea of upper genitourinary tract
111880001,Acute HIV infection
194947001,Acute myocarditis - syphilitic
186863009,Acute secondary syphilitic meningitis
68863007,Acute syphilitic meningitis
194907008,Acute syphilitic pericarditis
305276001,Admission by genitourinary medicine physician
305374000,Admission to genitourinary medicine department
421312009,Agranulocytosis associated with AIDS
713530002,Agranulocytosis co-occurrent with human immunodeficiency virus infection
168326009,Anal swab culture negative
420543008,Anaemia associated with AIDS
713349004,Anaemia co-occurrent with human immunodeficiency virus infection
302812006,Anogenital human papilloma virus infection
240545008,Anogenital papillomaviral intraepithelial neoplasia
421102007,Aplastic anaemia associated with AIDS
713508003,Aplastic anaemia co-occurrent with human immunodeficiency virus infection
39992005,Arthropathy associated with nonspecific urethritis
91947003,Asymptomatic human immunodeficiency virus infection
91948008,Asymptomatic human immunodeficiency virus infection in pregnancy
37754005,Asymptomatic neurosyphilis
240565001,Asymptomatic secondary neurosyphilis
702479006,At high risk of sexually transmitted infection
702480009,At low risk of sexually transmitted infection
407560009,At risk of sexually transmitted infection
420544002,Bacterial pneumonia associated with AIDS
713544008,Bacterial pneumonia co-occurrent with human immunodeficiency virus infection
242647003,Bite of pubic louse
421706001,Blindness associated with AIDS
402913004,Bowenoid papulosis
403484002,Bowenoid papulosis of anus
399929008,Bowenoid papulosis of anus (AIN III)
398679002,Bowenoid papulosis of penis
400118002,Bowenoid papulosis of penis (PIN III)
399990001,Bowenoid papulosis of vulva
399911003,Bowenoid papulosis of vulva (VIN III)
713897006,Burkitt lymphoma co-occurrent with human immunodeficiency virus infection
422003001,Cachexia associated with AIDS
713297001,Candidiasis of oesophagus co-occurrent with human immunodeficiency virus infection
421047005,Candidiasis of lung associated with AIDS
421710003,Candidiasis of mouth associated with AIDS
713497004,Candidiasis of mouth co-occurrent with human immunodeficiency virus infection
713523008,Cardiomyopathy co-occurrent with human immunodeficiency virus infection
83883001,Cardiovascular syphilis
421998001,Central nervous disorder associated with AIDS
420718004,Central nervous system demyelinating disease associated with AIDS
240585002,Chancroid - anogenital ulcer
240586001,Chancroid - extragenital ulcer
240587005,Chancroid - latent infection
266143009,Chancroid
201441000000107,Chlamydia test positive
1621000119101,Chlamydia trachomatis infection in pregnancy
428015005,Chlamydia trachomatis infection of genital structure
236749007,Chlamydial balanitis
237106009,Chlamydial bartholinitis
237084006,Chlamydial cervicitis
236767000,Chlamydial epididymitis
236773004,Chlamydial epididymo-orchitis
186729003,Chlamydial infection of lower genitourinary tract
188463006,Chlamydial pelvic inflammatory disease
236672003,Chlamydial prostatitis
237039009,Chlamydial salpingitis
236683007,Chlamydial urethritis
237097008,Chlamydial vulvovaginitis
697965002,Cholangitis associated with AIDS
12373006,Chronic gonococcal bartholinitis
76802005,Chronic gonococcal cervicitis
88813005,Chronic gonococcal cystitis
31999004,Chronic gonococcal endometritis
35526001,Chronic gonococcal epididymo-orchitis
60893000,Chronic gonococcal prostatitis
53529004,Chronic gonococcal salpingitis
23975003,Chronic gonococcal seminal vesiculitis
44412000,Chronic gonococcal urethritis
11906007,Chronic gonococcal vulvovaginitis
27681008,Chronic gonorrhoea
186915005,Chronic gonorrhoea lower genitourinary tract
28572009,Chronic gonorrhoea of genitourinary tract
80388004,Chronic gonorrhoea of upper genitourinary tract
713446007,Chronic infection caused by herpes simplex virus co-occurrent with human immunodeficiency virus infection
19290004,Clutton's joints
422337001,Coccidioidomycosis associated with AIDS
422074008,Coccidiosis associated with AIDS
277499006,Complicated donovanosis
91554004,Condyloma latum
402945009,Condylomata lata of penis
402944008,Condylomata lata of perianal skin
402946005,Condylomata lata of vulva
276665006,Congenital acquired immune deficiency syndrome
52079000,Congenital human immunodeficiency virus infection
35742006,Congenital syphilis
87318008,Congenital syphilis with gumma
9941009,Congenital syphilitic choroiditis
275376007,Congenital syphilitic chronic coryza
32735002,Congenital syphilitic encephalitis
192008,Congenital syphilitic hepatomegaly
6267005,Congenital syphilitic meningitis
54069001,Congenital syphilitic mucous patches
58392004,Congenital syphilitic osteochondritis
59721007,Congenital syphilitic pemphigus
27648007,Congenital syphilitic periostitis
276700005,Congenital syphilitic rhinitis
56118002,Congenital syphilitic splenomegaly
839551000000107,Consultation for complex sexual health need
240561005,Corona veneris
445563009,Counselling for sexually transmitted disease
421403008,Cryptococcosis associated with AIDS
240583009,Cutaneous gonorrhoea
1084821000119103,Cystitis due to Chlamydia
186698009,Cytomegalovirus hepatitis
421529006,Dementia associated with AIDS
713844000,Dementia co-occurrent with human immunodeficiency virus infection
82959004,Dementia paralytica juvenilis
713543002,Demyelinating disease of central nervous system co-occurrent with human immunodeficiency virus infection
420877009,Dermatomycosis associated with AIDS
446722008,HIV coreceptor tropism assay
713718006,Diffuse non-Hodgkin immunoblastic lymphoma co-occurrent with human immunodeficiency virus infection
306435004,Discharge by genitourinary medicine physician
306500003,Discharge by genitourinary nurse
306591007,Discharge from genitourinary medicine service
713571008,Disorder of central nervous system co-occurrent with human immunodeficiency virus infection
713299003,Disorder of eye proper co-occurrent with human immunodeficiency virus infection
713300006,Disorder of gastrointestinal tract co-occurrent with human immunodeficiency virus infection
713504001,Disorder of kidney co-occurrent with human immunodeficiency virus infection
713527009,Disorder of peripheral nervous system co-occurrent with human immunodeficiency virus infection
713484001,Disorder of respiratory system co-occurrent with human immunodeficiency virus infection
713340000,Disorder of skin co-occurrent with human immunodeficiency virus infection
713503007,Disorder of spinal cord co-occurrent with human immunodeficiency virus infection
713967004,Disseminated atypical infection caused by Mycobacterium co-occurrent with human immunodeficiency virus infection
421077004,Disseminated candidiasis associated with AIDS
713445006,Disseminated infection caused by Strongyloides co-occurrent with human immunodeficiency virus infection
240606006,Donovanosis - anogenital ulcer
240608007,Donovanosis - non-genital lesion
422177004,Dyspnoea associated with AIDS
186833000,Early congenital syphilis - latent
4359001,Early congenital syphilis (less than 2 years)
266125005,Early congenital syphilis with symptoms
46235002,"Early latent congenital syphilis, positive serology, negative spinal fluid"
31137003,"Early latent syphilis, positive serology, negative cerebrospinal fluid, less than 2 years after infection"
1107004,"Early latent syphilis, positive serology, negative cerebrospinal fluid, with relapse after treatment"
240602008,Early lymphogranuloma venereum
186846005,Early symptomatic syphilis
439057000,Education about sexually transmitted disease prevention
420244003,Encephalitis associated with AIDS
422089004,Encephalomyelitis associated with AIDS
421827003,Encephalopathy associated with AIDS
232313005,Endocochlear syphilis
713510001,Enlargement of liver co-occurrent with human immunodeficiency virus infection
713316008,Eruption of skin co-occurrent with human immunodeficiency virus infection
272262003,Esthiomene
444487004,Exposure to anogenital Herpes simplex virus
444418002,Exposure to Chlamydia trachomatis
444452004,Exposure to genital trichomoniasis
444375007,Exposure to Haemophilus ducreyi
444486008,Exposure to Hepatitis B virus
444563003,Exposure to Hepatitis C virus
444356002,Exposure to Human immunodeficiency virus
444358001,Exposure to Klebsiella granulomatis
444461004,Exposure to lymphogranuloma venereum
444376008,Exposure to Neisseria gonorrhoeae
444394002,Exposure to nongonococcal urethritis
444458000,Exposure to nonspecific genital infection
444454003,Exposure to nonspecific urethritis
444451006,Exposure to sexually transmissible disorder
444380003,Exposure to Treponema pallidum
444491009,Exposure to viral hepatitis
421660003,Failure to thrive in infant associated with AIDS
441120009,Family history of acquired immune deficiency syndrome
342481000000105,Family history of human immunodeficiency virus
438998000,Family history of human immunodeficiency virus infection
420900006,Fatigue associated with AIDS
198242009,Female gonococcal pelvic inflammatory disease
198175009,Female syphilitic pelvic inflammatory disease
365587003,Human immunodeficiency virus antibody titre - finding
713887002,Focal segmental glomerulosclerosis co-occurrent with human immunodeficiency virus infection
713505000,Gastrointestinal malabsorption syndrome co-occurrent with human immunodeficiency virus infection
51928006,General paresis - neurosyphilis
33839006,Genital herpes simplex
10754701000119100,Genital herpes simplex in mother complicating childbirth
104011000119109,Genital herpes simplex in mother complicating pregnancy
440714005,Genital Herpes simplex type 1 infection
423391007,Genital herpes simplex type 2
312099009,Genitourinary chlamydia infection
310052009,Genitourinary medicine service
713261005,Gingival disease caused by Neisseria gonorrhoeae
713251003,Gingival disease caused by Treponema pallidum
186931002,Gonococcal anal infection
272006008,Gonococcal arthritis dermatitis syndrome
402958005,Gonococcal bacteremia-induced pustular vasculitis
402957000,Gonococcal bartholinitis
240573005,Gonococcal Bartholin's gland abscess
46699001,Gonococcal bursitis
240584003,Gonococcal cellulitis
237083000,Gonococcal cervicitis
231858009,Gonococcal conjunctivitis
28438004,Gonococcal conjunctivitis neonatorum
240576002,Gonococcal Cowperitis
197848003,Gonococcal cystitis
61048000,Gonococcal endocarditis
237069002,Gonococcal endometritis
111807001,Gonococcal endophthalmia
236766009,Gonococcal epididymitis
236772009,Gonococcal epididymo-orchitis
240581006,Gonococcal female pelvic infection
9241004,Gonococcal heart disease
235863003,Gonococcal hepatitis
35876006,Gonococcal infection of eye
44743006,Gonococcal infection of joint
406581000,Gonococcal infection of the central nervous system
9091006,Gonococcal iridocyclitis
342381000119109,Gonococcal iritis
40149008,Gonococcal keratitis
60335002,Gonococcal keratosis
240578001,Gonococcal LittrÈ gland abscess
240577006,Gonococcal Littritis
238419002,Gonococcal lymphangitis of penis
151004,Gonococcal meningitis
1087051000119109,Gonococcal osteomyelitis
240579009,Gonococcal paraurethral gland abscess
307423008,Gonococcal pelvic peritonitis
90428001,Gonococcal pericarditis
237042003,Gonococcal perihepatitis
186939000,Gonococcal peritonitis
1087061000119106,Gonococcal pneumonia
197967000,Gonococcal prostatitis
237038001,Gonococcal salpingitis
301990003,Gonococcal seminal vesiculitis
240574004,Gonococcal Skenitis
53664003,Gonococcal spondylitis
240582004,Gonococcal synovitis
266138002,Gonococcal synovitis or tenosynovitis
240039005,Gonococcal tenosynovitis
237046000,Gonococcal tubo-ovarian abscess
240575003,Gonococcal Tysonitis
236687008,Gonococcal urethral abscess
236682002,Gonococcal urethritis
237095000,Gonococcal vulvovaginitis
5085001,Gonococcaemia
15628003,Gonorrhoea
10754031000119105,Gonorrhoea in mother complicating childbirth
35255008,"Gonorrhoea in mother complicating pregnancy, childbirth AND/OR puerperium"
74372003,Gonorrhoea of pharynx
42746002,Gonorrhoea of rectum
240572000,Gonorrhoea with local complication
28867007,Granuloma inguinale
240566000,Gummatous neurosyphilis
122203005,Haemophilus ducreyi culture
414376003,Hairy leucoplakia of tongue associated with HIV disease
713298006,Heart disease co-occurrent with human immunodeficiency virus infection
420384005,Haematopoietic system disease associated with AIDS
713444005,Hemophagocytic syndrome co-occurrent with human immunodeficiency virus infection
510891000000104,Hepatitis B core antibody positive
197347003,Hepatitis in late syphilis
197348008,Hepatitis in secondary syphilis
421230000,Hepatomegaly associated with AIDS
427578006,Herpes simplex of female genitalia
422127002,Herpes zoster associated with AIDS
129670002,Herpetic cervicitis
10227000,Herpetic infection of penis
59819007,Herpetic ulceration of vulva
278068003,Herpetic vesicle in vagina
27420004,Herpetic vulvovaginitis
420945005,Histoplasmosis associated with AIDS
764261000000100,H/O: chlamydia infection
872271000000108,H/O: genital herpes
872251000000104,H/O: genital warts
764281000000109,H/O: gonorrhoea
275881005,History of sexually transmitted disease
1087151000119108,History of syphilis
862181000000105,H/O: trichomoniasis
72621000119104,Human immunodeficiency virus
710311002,HIV-1/HIV-2 antigen/antibody combination immunoassay
118018009,HIV 1 antibody band pattern determination
117747006,HIV 1 antigen assay
117748001,HIV 1 DNA assay
74915004,HIV-1 ELISA assay
117750009,HIV 1 p24 antigen assay
117752001,HIV 1 RNA assay
504901000000109,Human immunodeficiency virus annual review
713742005,Human immunodeficiency virus antibody positive
250514000,Human immunodeficiency virus antibody titre measurement
31676001,HIV antigen test
699433000,Human immunodeficiency virus carrier
103408004,HIV CDC category A3 (AIDS)
103411003,HIV CDC category B3 (AIDS)
103412005,HIV CDC category C1 (AIDS)
103413000,HIV CDC category C2 (AIDS)
103414006,HIV CDC category C3 (AIDS)
200681000000109,Human immunodeficiency virus contact
313077009,Human immunodeficiency virus counselling
118005001,HIV culture
117753006,HIV DNA assay
943041000000105,HIV (human immunodeficiency virus) disease resulting in haematological and immunological abnormalities
926851000000108,Human immunodeficiency virus drug resistance test
398329009,Human immunodeficiency virus encephalitis
397763006,Human immunodeficiency virus encephalopathy
235726002,Human immunodeficiency virus enteropathy
406108000,Human immunodeficiency virus enzyme-linked immunosorbent assay test negative
406109008,Human immunodeficiency virus enzyme-linked immunosorbent assay test positive
40780007,Human immunodeficiency virus I infection
79019005,Human immunodeficiency virus II infection
934491000000108,HIV (human immunodeficiency virus) IgG avidity test
86406008,Human immunodeficiency virus infection
186706006,Human immunodeficiency virus infection constitutional disease
87117006,HIV infection with acute lymphadenitis
315019000,HIV infection with aseptic meningitis
48794007,HIV infection with infectious mononucleosis-like syndrome
186707002,Human immunodeficiency virus infection with neurological disease
186708007,Human immunodeficiency virus infection with secondary clinical infectious disease
230180003,Human immunodeficiency virus leucoencephalopathy
504871000000109,Human immunodeficiency virus monitoring
240103002,Human immunodeficiency virus myopathy
104332002,HIV p24 antigen test
165816005,HIV positive
222251000000105,Human immunodeficiency virus proviral deoxyribonucleic acid polymerase chain reaction
266974005,HIV risk lifestyle
165813002,Human immunodeficiency virus test
50806003,HIV-1 antibody confirmatory test
15175004,HIV-1 dot blot immunobinding assay
118019001,HIV 1 identification
25578009,HIV-1 passive haemagglutination assay
49914005,HIV-1 radioimmunoprecipitation assay
932981000000105,HIV-1 (human immunodeficiency virus type 1) subtype identification
39304009,HIV-1 Western blot assay
53479004,HIV-2 confirmatory assay
315124004,HIV viral load
327331000000104,Human immunodeficiency virus viral load by log rank
103418009,HIV WHO class IV (AIDS)
76381007,HIV-1 indirect immunofluorescence assay
398579006,HIV 1 nucleic acid assay
86253009,HIV-1 rapid latex agglutination assay
32545003,HIV-2 antigen assay
235009000,Human immunodeficiency virus-associated periodontitis
281388009,HIV-related sclerosing cholangitis
222611000000108,Human T-lymphotropic virus (1&2) serology
86443005,Hutchinson's teeth
240554006,Hutchinson's triad
422194002,Hyperhidrosis associated with AIDS
420687005,Ill-defined intestinal infection associated with AIDS
714464009,Immune reconstitution inflammatory syndrome caused by human immunodeficiency virus infection
416491000,Immune recovery uveitis
713732008,Aspergillosis co-occurrent with human immunodeficiency virus infection
713729005,Coccidiosis co-occurrent with human immunodeficiency virus infection
713845004,Infection caused by Cryptosporidium co-occurrent with human immunodeficiency virus infection
713722001,Infection caused by Cytomegalovirus co-occurrent with human immunodeficiency virus infection
713734009,Dermatophytosis co-occurrent with human immunodeficiency virus infection
713730000,Infection caused by herpes simplex virus co-occurrent with human immunodeficiency virus infection
713733003,Infection caused by herpes zoster virus co-occurrent with human immunodeficiency virus infection
713881001,Microsporidiosis co-occurrent with human immunodeficiency virus infection
713545009,Infection caused by Nocardia co-occurrent with human immunodeficiency virus infection
713490002,Infection caused by Pneumocystis co-occurrent with human immunodeficiency virus infection
713342008,Infection caused by Salmonella co-occurrent with human immunodeficiency virus infection
713339002,Infection caused by Strongyloides co-occurrent with human immunodeficiency virus infection
447353001,Infection of cervix due to Chlamydia trachomatis
446471004,Infection of epididymis due to Chlamydia trachomatis
446594000,Infection of pharynx due to Chlamydia trachomatis
447372001,Infection of rectum due to Chlamydia trachomatis
446902002,Infection of testis due to Chlamydia trachomatis
447402003,Infection of vagina due to Chlamydia trachomatis
445945000,Infectious disease associated with acquired immune deficiency syndrome
421454008,Infectious gastroenteritis associated with AIDS
713570009,Infectious gastroenteritis co-occurrent with human immunodeficiency virus infection
421708000,Infective arthritis associated with AIDS
713532005,Infective arthritis co-occurrent with human immunodeficiency virus infection
71011005,Infestation by Phthirus pubis
786221000000101,In-house genitourinary medicine
787801000000108,In-house genitourinary medicine discharge
786251000000106,In-house genitourinary medicine first appointment
787781000000107,In-house genitourinary medicine follow-up appointment
449773001,Interstitial glossitis
420321004,Intestinal malabsorption associated with AIDS
421510000,Isosporiasis associated with AIDS
713546005,Isosporiasis co-occurrent with human immunodeficiency virus infection
37028008,Juvenile tabes
240552005,Juvenile tabes dorsalis
68764005,Juvenile taboparesis
420524008,Kaposi's sarcoma associated with AIDS
193786000,Keratitis due to syphilis
266126006,Late congenital neurosyphilis
240553000,Late congenital neurovascular syphilis
82323002,Late congenital syphilis (2 years OR more)
827006,"Late congenital syphilis, latent (+ sero., - C.S.F., 2 years OR more)"
230152000,Late congenital syphilitic meningitis
186842007,Late congenital syphilitic oculopathy
230563005,Late congenital syphilitic polyneuropathy
186903006,Late latent syphilis
240603003,Late lymphogranuloma venereum
266133006,Late quaternary neurosyphilis
402947001,Late secondary syphilis
72083004,Late syphilis
197757004,Late syphilis of kidney
405635002,Late syphilis with clinical manifestations other than neurosyphilis
66887000,"Late syphilis, latent (+ sero., - C.S.F. 2 years after)"
230182006,Late syphilitic encephalitis
186867005,Latent early syphilis
240604009,Latent lymphogranuloma venereum
444150000,Latent syphilis
67125004,Latent syphilis with positive serology
414604009,Leucoplakia of tongue associated with HIV disease
402956009,Localised cutaneous gonococcal infection
422189002,Low vision associated with AIDS
449776009,Luetic glossitis
713507008,Lymphadenopathy co-occurrent with human immunodeficiency virus infection
186946009,Lymphogranuloma venereum
238453003,Maculae ceruleae
240558009,Macular syphilide
420801006,Malaise associated with AIDS
422282000,Malignant neoplasm associated with AIDS
713572001,Malignant neoplastic disease co-occurrent with human immunodeficiency virus infection
199163006,Maternal gonorrhoea during pregnancy - baby delivered
199165004,Maternal gonorrhoea during pregnancy - baby not yet delivered
199161008,"Maternal gonorrhoea during pregnancy, childbirth and the puerperium"
199164000,Maternal gonorrhoea in the puerperium - baby delivered during current episode of care
199166003,Maternal gonorrhoea in the puerperium - baby delivered during previous episode of care
199156006,Maternal syphilis during pregnancy - baby delivered
199158007,Maternal syphilis during pregnancy - baby not yet delivered
199154009,"Maternal syphilis during pregnancy, childbirth and the puerperium"
199157002,Maternal syphilis in the puerperium - baby delivered during current episode of care
199159004,Maternal syphilis in the puerperium - baby delivered during previous episode of care
359796005,Measurement of both Human immunodeficiency virus 1 antibody and Human immunodeficiency virus 2 antibody
28804003,Measurement of Human immunodeficiency virus 1 antibody
118038005,Measurement of Human immunodeficiency virus 1 glycoprotein 105 antibody
118039002,Measurement of Human immunodeficiency virus 1 glycoprotein 120 and glycoprotein 160 antibody
118040000,Measurement of Human immunodeficiency virus 1 glycoprotein 120 antibody
118041001,Measurement of Human immunodeficiency virus 1 glycoprotein 160 antibody
118042008,Measurement of Human immunodeficiency virus 1 glycoprotein 34 antibody
118043003,Measurement of Human immunodeficiency virus 1 glycoprotein 41 and glycoprotein 43 antibody
118044009,Measurement of Human immunodeficiency virus 1 glycoprotein 41 antibody
118046006,Measurement of Human immunodeficiency virus 1 protein 15 antibody
118045005,Measurement of Human immunodeficiency virus 1 protein 15 antibody and protein 18 antibody
118047002,Measurement of Human immunodeficiency virus 1 protein 17 antibody
118048007,Measurement of Human immunodeficiency virus 1 protein 18 antibody
118049004,Measurement of Human immunodeficiency virus 1 protein 23 antibody
117749009,Measurement of Human immunodeficiency virus 1 protein 24 antibody
118050004,Measurement of Human immunodeficiency virus 1 protein 26 antibody
118051000,Measurement of Human immunodeficiency virus 1 protein 28 antibody
118052007,Measurement of Human immunodeficiency virus 1 protein 31 antibody
118053002,Measurement of Human immunodeficiency virus 1 protein 32 antibody
118055009,Measurement of Human immunodeficiency virus 1 protein 51 antibody
118056005,Measurement of Human immunodeficiency virus 1 protein 53 antibody
118057001,Measurement of Human immunodeficiency virus 1 protein 55 antibody
117751008,Measurement of Human immunodeficiency virus 1 protein 58 antibody
118058006,Measurement of Human immunodeficiency virus 1 protein 64 antibody
118059003,Measurement of Human immunodeficiency virus 1 protein 65 antibody
118060008,Measurement of Human immunodeficiency virus 1 protein 66 antibody
118061007,Measurement of Human immunodeficiency virus 1 protein 68 antibody
830561000000101,Human immunodeficiency virus 1 proviral deoxyribonucleic acid measurement by nucleic acid amplification test
817921000000105,Human immunodeficiency virus 1 ribonucleic acid measurement by nucleic acid amplification test
27494001,Measurement of Human immunodeficiency virus 2 antibody
118062000,Measurement of Human immunodeficiency virus 2 glycoprotein 105 antibody
118063005,Measurement of Human immunodeficiency virus 2 glycoprotein 120 antibody
118064004,Measurement of Human immunodeficiency virus 2 glycoprotein 125 antibody
118066002,Measurement of Human immunodeficiency virus 2 glycoprotein 34 antibody
118067006,Measurement of Human immunodeficiency virus 2 glycoprotein 36 antibody
118068001,Measurement of Human immunodeficiency virus 2 glycoprotein 80 antibody
118065003,Measurement of Human immunodeficiency virus 2 protein 15 antibody
118069009,Measurement of Human immunodeficiency virus 2 protein 26 antibody
118070005,Measurement of Human immunodeficiency virus 2 protein 31 antibody
118071009,Measurement of Human immunodeficiency virus 2 protein 41 antibody
118072002,Measurement of Human immunodeficiency virus 2 protein 53 antibody
118073007,Measurement of Human immunodeficiency virus 2 protein 55 antibody
118074001,Measurement of Human immunodeficiency virus 2 protein 56 antibody
118075000,Measurement of Human immunodeficiency virus 2 protein 58 antibody
118076004,Measurement of Human immunodeficiency virus 2 protein 68 antibody
819421000000109,Human immunodeficiency virus ribonucleic acid measurement by nucleic acid amplification test
818371000000109,Human immunodeficiency virus type 1 antiviral resistance measurement by ribonucleic acid analysis
819681000000107,Human immunodeficiency virus type 1 IgG antibody measurement
818981000000105,Human immunodeficiency virus type 2 antiviral resistance measurement by ribonucleic acid analysis
819481000000105,Human immunodeficiency virus type 2 IgG antibody measurement
817471000000104,Human immunodeficiency virus type 2 ribonucleic acid measurement by nucleic acid amplification test
819661000000103,Human immunodeficiency viruses 1 and 2 IgG antibody measurement
240568004,Meningovascular syphilis - quaternary stage
421020000,Microsporidiosis associated with AIDS
109436001,Moon's molar teeth
809201000000102,Mother hepatitis B positive
713964006,Multidermatomal infection caused by Herpes zoster co-occurrent with human immunodeficiency virus infection
420818005,Mycobacteriosis associated with AIDS
421315006,Myelitis associated with AIDS
713341001,Myelitis co-occurrent with human immunodeficiency virus infection
420452002,Myelopathy associated with AIDS
421929001,Myocarditis associated with AIDS
713318009,Myocarditis co-occurrent with human immunodeficiency virus infection
232367004,Nasal syphilis
240571007,Neonatal gonococcal infection
237096004,Neonatal gonococcal vulvovaginitis
713695001,Nephrotic syndrome co-occurrent with human immunodeficiency virus infection
422136003,Neuralgia associated with AIDS
713278001,Neuralgia co-occurrent with human immunodeficiency virus infection
422012004,Neuritis associated with AIDS
713506004,Neuritis co-occurrent with human immunodeficiency virus infection
230598008,Neuropathy due to human immunodeficiency virus
26039008,Neurosyphilis
416729007,Neutropenia associated with AIDS
421431004,Nocardiosis associated with AIDS
402949003,Nodular syphilide
84619001,Nongonococcal urethritis
51105006,Nongonococcal urethritis due to Ureaplasma urealyticum
421983003,Noninfectious gastroenteritis associated with AIDS
170530008,Notification of AIDS
420691000,Nutritional deficiency associated with AIDS
410478005,Ocular syphilis
713880000,Opportunistic mycosis co-occurrent with human immunodeficiency virus infection
402951004,Oral mucous membrane lesion due to late syphilis
235062007,Oral syphilis
420774007,Organic brain syndrome associated with AIDS
713491003,Organic brain syndrome co-occurrent with human immunodeficiency virus infection
420614009,Organic dementia associated with AIDS
240560006,Papular syphilide
198781000000103,Patient advised to notify sexual partners of sexual transmitted infection
355161000000101,Patient reviewed following treatment for sexually transmitted disease
409113002,Paediatric AIDS Clinical Trial Group
405631006,Paediatric human immunodeficiency virus infection
402954007,Penile chancroid
168361003,Penile swab culture positive
168359007,Penile swab taken
95892003,Persistent generalised lymphadenopathy
420787001,Pneumococcal pneumonia associated with AIDS
420403001,Pneumocystosis associated with AIDS
421671002,Pneumonia associated with AIDS
421597001,Polyneuropathy associated with AIDS
713489006,Polyneuropathy co-occurrent with human immunodeficiency virus infection
768841000000107,Post exposure prophylaxis after sexual exposure
421023003,Presenile dementia associated with AIDS
713488003,Presenile dementia co-occurrent with human immunodeficiency virus infection
31015008,Primary anal syphilis
713325002,Primary cerebral lymphoma co-occurrent with human immunodeficiency virus infection
240556008,Primary extragenital syphilis
186847001,Primary genital syphilis
402889005,Primary herpes simplex infection of penis
402890001,Primary herpetic vulvovaginitis
421283008,Primary lymphoma of brain associated with AIDS
13095005,Primary symptomatic early syphilis
266127002,Primary syphilis
27460003,Primary syphilis of breast
54274001,Primary syphilis of fingers
28198007,Primary syphilis of lip
237447001,Primary syphilis of nipple
10345003,Primary syphilis of tonsils
183905006,Private referral to venereologist
314840009,Progressive locomotor ataxia
420554003,Progressive multifocal leucoencephalopathy associated with AIDS
713487008,Progressive multifocal leucoencephalopathy co-occurrent with human immunodeficiency virus infection
240562003,Pustular syphilide
713731001,Pyrexia of unknown origin co-occurrent with human immunodeficiency virus infection
278481001,Quaternary syphilis
420658009,Radiculitis associated with AIDS
713320007,Radiculitis co-occurrent with human immunodeficiency virus infection
754591000000103,Rapid human immunodeficiency virus antibody test
409788009,Rapid HIV-1 antibody test
266128007,Rash of secondary syphilis
713526000,Recurrent bacterial pneumonia co-occurrent with human immunodeficiency virus infection
402894005,Recurrent genital herpes simplex
439912007,Recurrent genital Herpes simplex type 1 infection
439913002,Recurrent genital Herpes simplex type 2 infection
402895006,Recurrent herpes simplex of penis
402896007,Recurrent herpetic vulvovaginitis
714083007,Recurrent salmonella sepsis co-occurrent with human immunodeficiency virus infection
305975009,Referral by genitourinary medicine physician
306033001,Referral by genitourinary nurse
817381000000107,Referral to community human immunodeficiency virus nurse specialist
306123006,Referral to genitourinary medicine service
306325006,Referral to genitourinary nurse
306282009,Referral to genitourinary physician
412712007,Referral to sexually transmitted infections clinic
713696000,Renal failure syndrome co-occurrent with human immunodeficiency virus infection
421874007,Respiratory disorder associated with AIDS
420302007,Reticulosarcoma associated with AIDS
713483007,Reticulosarcoma co-occurrent with human immunodeficiency virus infection
420308006,Retinal vascular changes associated with AIDS
421460008,Retinopathy associated with AIDS
405139007,Risk control behavior: sexually transmitted disease
420549007,Salivary gland disease associated with AIDS
420764009,Salmonella infection associated with AIDS
240564002,Secondary neurosyphilis
13731006,Secondary symptomatic early syphilis
240557004,Secondary syphilis
77028001,Secondary syphilis of anus
63751007,Secondary syphilis of bone
80770009,Secondary syphilis of liver
60528006,Secondary syphilis of mouth
39085002,Secondary syphilis of mucous membrane
51960003,Secondary syphilis of pharynx
59233003,Secondary syphilis of skin
186850003,Secondary syphilis of skin and mucous membrane
81339006,Secondary syphilis of tonsil
58227000,Secondary syphilis of viscera
52414005,Secondary syphilis of vulva
186861006,Secondary syphilis relapse
85857008,"Secondary syphilis, relapse (treated)"
62861003,"Secondary syphilis, relapse (untreated)"
59934002,Secondary syphilitic adenopathy
66281009,Secondary syphilitic chorioretinitis
192647003,Secondary syphilitic meningitis
69595007,Secondary syphilitic periostitis
862191000000107,Seen by community HIV (human immunodeficiency virus) nurse
305679000,Seen by genitourinary medicine physician
305739003,Seen by genitourinary nurse
700053002,Sepsis associated with acquired immunodeficiency syndrome
186868000,Serological relapse after treatment of latent early syphilis
402126004,Sexually transmitted bacterial disease affecting skin
864511000000102,Sexually transmitted infection in-house follow-up
835261000000109,Sexually transmitted infection screening offered
8098009,Sexually transmitted infectious disease
10759841000119105,Sexually transmitted infectious disease in mother complicating childbirth
421394009,Skin disorder associated with AIDS
420281004,Skin rash associated with AIDS
75299005,Spastic spinal syphilitic paralysis
166491000000109,Specialised sexual health enhanced service completed
166401000000102,Specialised sexual health enhanced services administration
713275003,Splenomegaly co-occurrent with human immunodeficiency virus infection
421883002,Strongyloidiasis associated with AIDS
421415007,Subacute adenoviral encephalitis associated with AIDS
713260006,Subacute adenoviral encephalitis co-occurrent with human immunodeficiency virus infection
420938005,Subacute endocarditis associated with AIDS
421272004,Subacute myocarditis associated with AIDS
80191000119101,Symptomatic human immunodeficiency virus (HIV) I infection
81000119104,Symptomatic human immunodeficiency virus infection
76272004,Syphilis
10759921000119107,Syphilis in mother complicating childbirth
34242002,"Syphilis in mother complicating pregnancy, childbirth AND/OR puerperium"
50528008,Syphilis of bone
237446005,Syphilis of breast
23550005,Syphilis of bursa
59530001,Syphilis of kidney
86028001,Syphilis of liver
8555001,Syphilis of lung
58056005,Syphilis of mitral valve
88943008,Syphilis of muscle
45058001,Syphilis of pulmonary valve
37430004,Syphilis of synovium
186899004,"Syphilis of synovium, tendon or bursa"
49923008,Syphilis of tendon
42770003,Syphilis of tricuspid valve
302813001,Syphilitic acoustic neuritis - quaternary stage
19206003,Syphilitic acoustic neuritis
59307008,Syphilitic alopecia
234017002,Syphilitic aneurysm
12232008,Syphilitic aneurysm of aorta
61612001,Syphilitic aortic incompetence
82355002,Syphilitic aortic stenosis
20735004,Syphilitic aortitis
402943002,Syphilitic balanitis
202933002,Syphilitic bursitis
230735006,Syphilitic cerebral arteritis
402942007,Syphilitic chancre of oral mucous membranes
402940004,Syphilitic chancre of penis
402941000,Syphilitic chancre of vulva
312934004,Syphilitic chorioretinitis
331151000119109,Syphilitic choroiditis
16070004,Syphilitic cirrhosis
240567009,Syphilitic coronary artery disease
77939001,Syphilitic disseminated retinochoroiditis
26135000,Syphilitic encephalitis
67391006,Syphilitic endocarditis
278480000,Syphilitic endocarditis of aortic valve
186875004,Syphilitic endocarditis of mitral valve
186878002,Syphilitic endocarditis of pulmonary valve
186877007,Syphilitic endocarditis of tricuspid valve
11338007,Syphilitic episcleritis
64102008,Syphilitic gumma
21523006,Syphilitic gumma of central nervous system
235064008,Syphilitic gumma of oral cavity
44568006,Syphilitic interstitial keratitis
55768006,Syphilitic leukoderma
402950003,Syphilitic leucoplakia of tongue
301086002,Syphilitic meningitis
240563008,Syphilitic mucosal ulceration
4082005,Syphilitic myocarditis
22386003,Syphilitic optic atrophy
235032001,Syphilitic oral leucoplakia
235065009,Syphilitic oral snail track ulcer
62207008,Syphilitic ostial coronary disease
38523005,Syphilitic parkinsonism
3589003,Syphilitic pericarditis
240569007,Syphilitic polyneuropathy
197305002,Syphilitic portal cirrhosis
197966009,Syphilitic prostatitis
4483005,Syphilitic punched out ulcer
410470003,Syphilitic retinitis
36276008,Syphilitic retrobulbar neuritis
371237000,Syphilitic skin disorder
233849007,Syphilitic valve disease
94851000119107,Syphilitic valvular endocarditis
316841006,Tabes dorsalis
315826004,Tabetic neurosyphilis
13310005,Taboparesis
312874009,Taking penile swab
312955002,Tertiary syphilitic chorioretinitis
421766003,Thrombocytopenia associated with AIDS
421666009,Toxoplasmosis associated with AIDS
197850006,Trichomonal cystitis
276877003,Trichomonal vaginitis
428230005,Trichomonal vaginitis in pregnancy
237104007,Trichomonal vulvitis
81598001,Trichomonal vulvovaginitis
421571007,Tuberculosis associated with AIDS
305489005,Under care of genitourinary medicine physician
305562003,Under care of genitourinary nurse
168343007,Urethral swab culture positive
179101003,Urethritis due to Chlamydia trachomatis
35089004,Urogenital infection by Trichomonas vaginalis
186854007,Uveitis due to secondary syphilis
230202002,Vacuolar myelopathy
112121000119105,Venereal disease due to Chlamydia trachomatis
27075004,"Venereal disease in mother complicating pregnancy, childbirth AND/OR puerperium"
274118001,Venereal disease in pregnancy
171128005,Venereal disease screening
421508002,Viral pneumonia associated with AIDS
713531003,Visual impairment co-occurrent with human immunodeficiency virus infection
402955008,Vulval chancroid
719755001,Adult gonococcal conjunctivitis
198241002,Female tuberculous pelvic inflammatory disease
312125005,Bacterial genital infection
30116001,Trichomonal urethritis
71590000,Trichomonal prostatitis
240600000,Asymptomatic trichomoniasis
56335008,Infection by Trichomonas
719522009,Candidiasis of upper respiratory tract co-occurrent with human immunodeficiency virus infection
402888002,Primary herpes simplex infection of genitalia
413079006,Chlamydia PCR positive
314527009,Chlamydia antigen ELISA positive
240589008,Chlamydia trachomatis infection
10750051000119105,Chlamydia trachomatis infection in mother complicating childbirth
420910002,Chlamydia trachomatis infection of anus and rectum
231861005,Chlamydial conjunctivitis
238372002,Chlamydial dermatological disorders
105629000,Chlamydial infection
186731007,Chlamydial infection of anus and rectum
406566006,Chlamydial infection of the central nervous system
237043008,Chlamydial perihepatitis
197172005,Chlamydial peritonitis
232403001,Chlamydial pharyngitis
59484000,Chlamydial polyarthritis
186537009,Herpesviral infection of perianal skin and rectum
186538004,Anogenital herpesviral infection
240478003,Primary anogenital herpes
240479006,Recurrent anogenital herpes
240597001,Anal warts
419266001,Condyloma acuminata of cervix
399599006,Condyloma acuminata of vagina
237110007,Condyloma acuminata of vulva
240542006,Condyloma acuminatum of the anogenital region
266113007,Genital warts
402911002,Penile verrucous carcinoma of Buschke-Löwenstein
240598006,Penile warts
266114001,Perianal warts
14248008,Chronic vaginitis
6887003,Chronic vulvovaginitis
868341000000102,Recurrent genital warts
237109002,Vulval warts
240595009,Pathogen-negative nonspecific genital infection
198756005,Complete illegal termination of pregnancy with genital tract or pelvic infection
57920007,Herpetic gingivostomatitis
235058001,Oral mucosal herpes
721585006,Sexually transmissible infection caused by Herpes simplex virus
428017002,Condyloma acuminata of vulva in pregnancy
240467006,Genital Molluscum contagiosum
206289001,Congenital chlamydial pneumonia
721589000,Sexually transmissible infection caused by Molluscum contagiosum virus
721587003,Sexually transmissible infection caused by Human papillomavirus
733835007,Extrapulmonary tuberculosis co-occurrent with human immunodeficiency virus infection
26224003,Failed attempted termination of pregnancy complicated by genital-pelvic infection
198806007,Failed attempted termination of pregnancy with genital tract or pelvic infection
63637002,Failed attempted termination of pregnancy with laceration of broad ligament
25032009,Failed attempted termination of pregnancy with laceration of cervix
61452007,Failed attempted termination of pregnancy with laceration of uterus
55639004,Failed attempted termination of pregnancy with laceration of vagina
56451001,Failed attempted termination of pregnancy with perforation of broad ligament
47161002,Failed attempted termination of pregnancy with perforation of cervix
50726009,Failed attempted termination of pregnancy with perforation of uterus
64181003,Failed attempted termination of pregnancy with perforation of vagina
366971000119100,Azoospermia due to infectious disease
198176005,Female chlamydial pelvic inflammatory disease
402912009,Vulval verrucous carcinoma of Buschke-Löwenstein
95041000119101,Female genital mutilation
130631000119108,Female genital mutilation type 1
130621000119105,Female genital mutilation type 2
130611000119103,Female genital mutilation type 3
107411000119108,Female genital mutilation type 4
722522009,Female pelvic inflammatory disease caused by Mycoplasma genitalium
55555001,Trachomatous pannus
312155003,Genital infection
240580007,Gonococcal penile fistula
247411000000106,Gonorrhoea test positive
168349006,HVS culture - gardnerella vaginalis
168348003,HVS culture - trichomonas vaginalis
442134007,Hepatitis B associated with Human immunodeficiency virus infection
721588008,Hepatitis caused by sexually transmissible virus
201481004,Sexually acquired reactive arthropathy of multiple sites
201480003,Sexually acquired reactive arthropathy of the ankle and/or foot
201477004,Sexually acquired reactive arthropathy of the hand
201478009,Sexually acquired reactive arthropathy of the pelvic region and thigh
201474006,Sexually acquired reactive arthropathy of the shoulder region
719789000,Human immunodeficiency virus 2 antibody positive and Human immunodeficiency virus 1 antibody cross-reactivity
721166000,Human immunodeficiency virus complicating pregnancy childbirth and the puerperium
373902000,Illegal termination of pregnancy complicated by genital-pelvic infection
82204006,Illegal termination of pregnancy with parametritis
198744009,Incomplete illegal termination of pregnancy with genital tract or pelvic infection
446642005,Infection of anus due to Chlamydia trachomatis
1087011000119108,Infection of lower genitourinary tract co-occurrent with abscess of periurethral gland caused by Gonococcus
733131001,Infection of musculoskeletal system caused by Neisseria gonorrhoeae
446752000,Infection of peritoneum due to Chlamydia trachomatis
723090006,Infection of vagina caused by Human herpes simplex virus
447386002,Infection of vulva due to Chlamydia trachomatis
248534009,Trichomonal balanitis
32298001,Intestinal infection by Trichomonas vaginalis
67915005,Intestinal trichomoniasis
733834006,Invasive carcinoma of uterine cervix co-occurrent with human immunodeficiency virus infection
236745001,Bacterial balanitis
721583004,Mucocutaneous early congenital syphilis
271488001,Mycoplasmal pelvic inflammatory disease
240590004,Neonatal chlamydial infection
233610007,Neonatal chlamydial pneumonia
704007002,No history of sexually transmitted infectious disease
722520001,Non-ulcerative sexually transmitted infection caused by Chlamydia trachomatis
367504009,PID (Pelvic inflammatory disease) with female sterility due to Chlamydia trachomatis
722557007,Parkinsonism due to human immunodeficiency virus infection
189312004,Pelvic inflammation with female sterility due to Chlamydia trachomatis
237037006,Acute pelvic inflammatory disease
266157006,Perianal candidiasis
235898000,Pericellular fibrosis of congenital syphilis
237044002,Chronic pelvic inflammatory disease
198130006,Female pelvic inflammatory disease
1086891000000101,STI (sexually transmitted infection) screening not appropriate
1086871000000100,STI (sexually transmitted infection) screening not indicated
722831002,Infection of female genital system following medically assisted reproduction
307749004,Incomplete inevitable miscarriage complicated by genital tract and pelvic infection
30080002,Secondary syphilitic iridocyclitis
248110007,Sexual assault
198644001,Incomplete miscarriage with genital tract or pelvic infection
307734007,Complete inevitable miscarriage complicated by genital tract and pelvic infection
198655001,Complete miscarriage with genital tract or pelvic infection
373896005,Miscarriage complicated by genital-pelvic infection
38261000119106,Genital tract infection due to incomplete induced termination of pregnancy
786919007,Sexually assaultive behaviour
198705001,Incomplete legal termination of pregnancy with genital tract or pelvic infection
198718009,Complete legal termination of pregnancy with genital tract or pelvic infection
373901007,Legal termination of pregnancy complicated by genital-pelvic infection
609450004,Induced termination of pregnancy complicated by genital-pelvic infection
38099005,Failed attempted termination of pregnancy with endometritis
77782006,Syphilitic saddle nose
44640004,Failed attempted termination of pregnancy with parametritis
50844007,Failed attempted termination of pregnancy with pelvic peritonitis
81521003,Failed attempted termination of pregnancy with salpingitis
39120007,Failed attempted termination of pregnancy with salpingo-oophoritis
198874006,"Failed medical termination of pregnancy, complicated by genital tract or pelvic infection"
10631000119105,Female genital tract infection due to complete miscarriage
390880002,Treponema pallidum ELISA positive
21955004,Trichomonal cervicitis
698628000,Postabortal pelvic inflammatory disease
402143001,Trichomoniasis affecting skin
240591000,Neonatal chlamydial conjunctivitis
276681001,Neonatal chlamydial dacryocystitis
268842008,Neonatal dacryocystitis or conjunctivitis due to chlamydiae
72225002,Urethral stricture due to gonococcal infection
415798001,Urine chlamydia trachomatis test positive
56890008,Victim of sexual aggression
170490008,Gonorrhoea carrier
722521002,Wart of anal mucosa caused by Human papillomavirus
